BEGIN
    FOR I IN 1..20 LOOP
        INSERT INTO QUARTO (NUMERO)
        VALUES(I);
    END LOOP;

	INSERT INTO ENFERMIDADE(NOME, CID)
	VALUES('GRIPE', 0);

	INSERT INTO ENFERMIDADE(NOME, CID)
	VALUES('CANCER', 1);

	INSERT INTO ENFERMIDADE(NOME, CID)
	VALUES('ENXAQUECA', 2);

	INSERT INTO ENFERMIDADE(NOME, CID)
	VALUES('DENGUE', 3);

	INSERT INTO ENFERMIDADE(NOME, CID)
	VALUES('ZIKA VIRUS', 4);

	INSERT INTO MEDICAMENTO(NOME, CODIGO)
	VALUES('DORFLEX', 000000);

	INSERT INTO MEDICAMENTO(NOME, CODIGO)
	VALUES('ALBENDAZOL', 000001);

	INSERT INTO MEDICAMENTO(NOME, CODIGO)
	VALUES('DIPIRONA', 000002);

	INSERT INTO MEDICAMENTO(NOME, CODIGO)
	VALUES('PARACETAMOL', 000003);

	INSERT INTO MEDICAMENTO(NOME, CODIGO)
	VALUES('BUSCOPAN', 000004);

	INSERT INTO MEDICAMENTO(NOME, CODIGO)
	VALUES('APRACU', 000005);

	INSERT INTO MEDICO(CPF, NOME, CIDADE, RUA, CRM)
	VALUES('000001', 'Pedro', 'Olinda', 'Rua Recife', '0000');

	INSERT INTO MEDICO(CPF, NOME, CIDADE, RUA, CRM)
	VALUES('000044', 'Adenor', 'Pindamandapio', 'Rua Recife', '0888');

	INSERT INTO MEDICO(CPF, NOME, CIDADE, RUA, CRM, SUPERVISOR)
	VALUES('000002', 'Vinicius', 'Recife', 'Rua Jequie', '1000', '000001');

	INSERT INTO MEDICO(CPF, NOME, CIDADE, RUA, CRM, SUPERVISOR)
	VALUES('000003', 'Schneider', 'Recife', 'Rua Bahia', '2000', '000001');

	INSERT INTO MEDICO(CPF, NOME, CIDADE, RUA, CRM)
	VALUES('000004', 'Gabriel', 'Recife', 'Rua Caruaru', '3000');

	INSERT INTO MEDICO(CPF, NOME, CIDADE, RUA, CRM, SUPERVISOR)
	VALUES('000005', 'Marcus', 'Recife', 'Rua Ilheus', '4000', '000004');

	INSERT INTO MEDICO(CPF, NOME, CIDADE, RUA, CRM, SUPERVISOR)
	VALUES('000006', 'Mateus', 'Bahia', 'Rua Belem', '5000', '000004');

	INSERT INTO MEDICO(CPF, NOME, CIDADE, RUA, CRM, SUPERVISOR)
	VALUES('000007', 'Robson', 'Recife', 'Rua Sao Cristovao', '6000', '000004');

	INSERT INTO PACIENTE(CPF, NOME, CIDADE, N_QUARTO)
	VALUES('000008', 'Jurany', 'Recife', 1);

	INSERT INTO PACIENTE(CPF, NOME, CIDADE, N_QUARTO)
	VALUES('000009', 'Bolsonaro', 'Olinda', 2);

	INSERT INTO PACIENTE(CPF, NOME, CIDADE, RUA, N_QUARTO)
	VALUES('000010', 'Joaquim', 'Recife', 'Avenida Rui Barbosa', 2);

	INSERT INTO PACIENTE(CPF, NOME, CIDADE, RUA, N_QUARTO)
	VALUES('000011', 'Jair', 'Brasilia Teimosa', 'Rua carapeba' , 3);

	INSERT INTO PACIENTE(CPF, NOME, CIDADE, RUA, N_QUARTO)
	VALUES('000012', 'Lula', 'Janga' ,'Rua Albacora', 4);
	
	INSERT INTO PACIENTE(CPF, NOME, CIDADE, RUA, N_QUARTO)
	VALUES('000099', 'Valdemar', 'Pindamandapio' ,'Rua Albacora', 4);
	
	INSERT INTO PACIENTE(CPF, NOME, N_QUARTO)
	VALUES('000013', 'Tabata',  4);

	INSERT INTO PACIENTE(CPF, NOME, N_QUARTO)
	VALUES('000014', 'Jorge',  4);

	INSERT INTO PACIENTE(CPF, NOME, N_QUARTO)
	VALUES('000015', 'Jose',  5);

	INSERT INTO PACIENTE(CPF, NOME, N_QUARTO)
	VALUES ('000016', 'Joseane', 5);

	INSERT INTO TRATA(CPF_MEDICO, CPF_PACIENTE , CID ,  DATA_TRATA) 
		VALUES ('000001','000008', 0,  date '2021-01-25' );
	INSERT INTO TRATA(CPF_MEDICO, CPF_PACIENTE , CID ,  DATA_TRATA) 
		VALUES ('000001','000009', 0,  date '2021-02-25');
	INSERT INTO TRATA(CPF_MEDICO, CPF_PACIENTE , CID ,  DATA_TRATA) 
		VALUES ('000001','000010', 0,  date '2021-01-27');
	INSERT INTO TRATA(CPF_MEDICO, CPF_PACIENTE , CID ,  DATA_TRATA) 
		VALUES ('000001','000011', 1,  date '2021-01-30');
	INSERT INTO TRATA(CPF_MEDICO, CPF_PACIENTE , CID ,  DATA_TRATA) 
		VALUES ('000002','000012', 3,  date '2021-02-13');
	INSERT INTO TRATA(CPF_MEDICO, CPF_PACIENTE , CID ,  DATA_TRATA) 
		VALUES ('000003','000013', 3,  date '2021-01-26');
	INSERT INTO TRATA(CPF_MEDICO, CPF_PACIENTE , CID ,  DATA_TRATA) 
		VALUES ('000003','000014', 2, date '2021-03-28');
	INSERT INTO TRATA(CPF_MEDICO, CPF_PACIENTE , CID ,  DATA_TRATA) 
		VALUES ('000004','000015', 3,  date '2021-04-20');
	INSERT INTO TRATA(CPF_MEDICO, CPF_PACIENTE , CID ,  DATA_TRATA) 
		VALUES ('000004','000016', 3,  date '2021-05-25');
	INSERT INTO TRATA(CPF_MEDICO, CPF_PACIENTE , CID ,  DATA_TRATA) 
		VALUES ('000004','000011', 3,  date '2021-05-25');

	INSERT INTO UTILIZA( CPF_MEDICO, CPF_PACIENTE, CID, DATA_UTILIZA, CODIGO) 
		VALUES ('000001','000008', 0,  date '2021-01-25' , 000001);
	
INSERT INTO UTILIZA( CPF_MEDICO, CPF_PACIENTE, CID, DATA_UTILIZA, CODIGO) 
	VALUES ('000001','000009', 0,  date '2021-02-25' , 000001);	
INSERT INTO UTILIZA( CPF_MEDICO, CPF_PACIENTE, CID, DATA_UTILIZA, CODIGO) 
	VALUES ('000001','000011', 1,  date '2021-01-30' ,  000000);	
INSERT INTO UTILIZA( CPF_MEDICO, CPF_PACIENTE, CID, DATA_UTILIZA, CODIGO) 
	VALUES ('000003','000013', 3,  date '2021-01-26' , 000001);	
INSERT INTO UTILIZA( CPF_MEDICO, CPF_PACIENTE, CID, DATA_UTILIZA, CODIGO) 
	VALUES ('000004','000016', 3,  date '2021-05-25', 000001);	
INSERT INTO UTILIZA( CPF_MEDICO, CPF_PACIENTE, CID, DATA_UTILIZA, CODIGO) 
	VALUES ('000004','000011', 3,  date '2021-05-25' , 000001);

INSERT INTO ARTE VALUES ('000008', CURRENT_DATE)
INSERT INTO ARTE VALUES ('000016', CURRENT_DATE)


END;
